k_size	transcript_name	gene_name	gene_id	transcript_id	transcript_length	total_kmers	genome_count	strict_pass_count	basic_pass_count	min_matched_kmer_ratio	mean_matched_kmer_ratio	max_matched_kmer_ratio
15	HAR1A-201	HAR1A	ENSG00000225978.4	ENST00000433161.2	1917	1903	11	10	10	0.717288	0.945159	0.996847
18	HAR1A-201	HAR1A	ENSG00000225978.4	ENST00000433161.2	1917	1900	11	10	10	0.545263	0.914354	0.993684
20	HAR1A-201	HAR1A	ENSG00000225978.4	ENST00000433161.2	1917	1898	11	10	10	0.539515	0.913737	0.992624
22	HAR1A-201	HAR1A	ENSG00000225978.4	ENST00000433161.2	1917	1896	11	10	10	0.550633	0.920646	0.995781
24	HAR1A-201	HAR1A	ENSG00000225978.4	ENST00000433161.2	1917	1894	11	10	10	0.543823	0.919555	0.995776
15	HAR1A-202	HAR1A	ENSG00000225978.4	ENST00000806886.1	958	944	11	10	11	0.789195	0.967161	1.0
18	HAR1A-202	HAR1A	ENSG00000225978.4	ENST00000806886.1	958	941	11	10	10	0.555792	0.930635	0.997875
20	HAR1A-202	HAR1A	ENSG00000225978.4	ENST00000806886.1	958	939	11	10	10	0.526092	0.925646	0.998935
22	HAR1A-202	HAR1A	ENSG00000225978.4	ENST00000806886.1	958	937	11	10	10	0.558164	0.931406	1.0
24	HAR1A-202	HAR1A	ENSG00000225978.4	ENST00000806886.1	958	935	11	10	10	0.541176	0.927564	0.99893
15	HAR1A-203	HAR1A	ENSG00000225978.4	ENST00000806887.1	877	863	11	10	11	0.818076	0.974507	0.998841
18	HAR1A-203	HAR1A	ENSG00000225978.4	ENST00000806887.1	877	860	11	10	10	0.553488	0.935201	0.998837
20	HAR1A-203	HAR1A	ENSG00000225978.4	ENST00000806887.1	877	858	11	10	10	0.525641	0.924984	0.997669
22	HAR1A-203	HAR1A	ENSG00000225978.4	ENST00000806887.1	877	856	11	10	10	0.551402	0.93065	0.997664
24	HAR1A-203	HAR1A	ENSG00000225978.4	ENST00000806887.1	877	854	11	10	10	0.550351	0.928465	0.997658
15	ZNF667-AS1-201	ZNF667-AS1	ENSG00000166770.13	ENST00000585445.1	1521	1507	11	10	11	0.84207	0.975146	0.999336
18	ZNF667-AS1-201	ZNF667-AS1	ENSG00000166770.13	ENST00000585445.1	1521	1504	11	10	10	0.658245	0.947292	1.0
20	ZNF667-AS1-201	ZNF667-AS1	ENSG00000166770.13	ENST00000585445.1	1521	1502	11	10	10	0.639814	0.943772	0.997337
22	ZNF667-AS1-201	ZNF667-AS1	ENSG00000166770.13	ENST00000585445.1	1521	1500	11	10	10	0.613333	0.939212	0.998
24	ZNF667-AS1-201	ZNF667-AS1	ENSG00000166770.13	ENST00000585445.1	1521	1498	11	10	10	0.59012	0.940406	0.997997
15	ZNF667-AS1-202	ZNF667-AS1	ENSG00000166770.13	ENST00000586091.9	1079	1065	11	10	11	0.762441	0.962185	0.997183
18	ZNF667-AS1-202	ZNF667-AS1	ENSG00000166770.13	ENST00000586091.9	1079	1062	11	10	10	0.612053	0.939394	0.999058
20	ZNF667-AS1-202	ZNF667-AS1	ENSG00000166770.13	ENST00000586091.9	1079	1060	11	10	10	0.601887	0.937822	1.0
22	ZNF667-AS1-202	ZNF667-AS1	ENSG00000166770.13	ENST00000586091.9	1079	1058	11	10	10	0.598299	0.936329	0.99811
24	ZNF667-AS1-202	ZNF667-AS1	ENSG00000166770.13	ENST00000586091.9	1079	1056	11	10	10	0.570076	0.93354	0.997159
15	ZNF667-AS1-203	ZNF667-AS1	ENSG00000166770.13	ENST00000586822.4	1633	1619	11	10	11	0.827054	0.97344	1.0
18	ZNF667-AS1-203	ZNF667-AS1	ENSG00000166770.13	ENST00000586822.4	1633	1616	11	10	10	0.655322	0.945151	0.998144
20	ZNF667-AS1-203	ZNF667-AS1	ENSG00000166770.13	ENST00000586822.4	1633	1614	11	10	10	0.635068	0.941985	0.99938
22	ZNF667-AS1-203	ZNF667-AS1	ENSG00000166770.13	ENST00000586822.4	1633	1612	11	10	10	0.60794	0.937627	0.998759
24	ZNF667-AS1-203	ZNF667-AS1	ENSG00000166770.13	ENST00000586822.4	1633	1610	11	10	10	0.597516	0.941728	1.0
15	ZNF667-AS1-204	ZNF667-AS1	ENSG00000166770.13	ENST00000588158.2	3022	3008	11	10	11	0.831117	0.976245	1.0
18	ZNF667-AS1-204	ZNF667-AS1	ENSG00000166770.13	ENST00000588158.2	3022	3005	11	10	10	0.562729	0.930691	0.999334
20	ZNF667-AS1-204	ZNF667-AS1	ENSG00000166770.13	ENST00000588158.2	3022	3003	11	10	10	0.546787	0.926528	0.999001
22	ZNF667-AS1-204	ZNF667-AS1	ENSG00000166770.13	ENST00000588158.2	3022	3001	11	10	10	0.557814	0.930841	0.999334
24	ZNF667-AS1-204	ZNF667-AS1	ENSG00000166770.13	ENST00000588158.2	3022	2999	11	10	10	0.559853	0.933584	0.999667
15	ZNF667-AS1-205	ZNF667-AS1	ENSG00000166770.13	ENST00000588685.1	1438	1424	11	10	10	0.650983	0.946055	1.0
18	ZNF667-AS1-205	ZNF667-AS1	ENSG00000166770.13	ENST00000588685.1	1438	1421	11	10	10	0.53765	0.928603	1.0
20	ZNF667-AS1-205	ZNF667-AS1	ENSG00000166770.13	ENST00000588685.1	1438	1419	11	10	10	0.518675	0.924275	1.0
22	ZNF667-AS1-205	ZNF667-AS1	ENSG00000166770.13	ENST00000588685.1	1438	1417	11	10	10	0.544813	0.930262	1.0
24	ZNF667-AS1-205	ZNF667-AS1	ENSG00000166770.13	ENST00000588685.1	1438	1415	11	10	10	0.575265	0.934211	1.0
15	ZNF667-AS1-206	ZNF667-AS1	ENSG00000166770.13	ENST00000591797.1	535	521	11	10	11	0.767754	0.956901	0.996161
18	ZNF667-AS1-206	ZNF667-AS1	ENSG00000166770.13	ENST00000591797.1	535	518	11	10	10	0.600386	0.927869	0.996139
20	ZNF667-AS1-206	ZNF667-AS1	ENSG00000166770.13	ENST00000591797.1	535	516	11	10	10	0.589147	0.928647	0.998062
22	ZNF667-AS1-206	ZNF667-AS1	ENSG00000166770.13	ENST00000591797.1	535	514	11	10	10	0.562257	0.925893	0.990272
24	ZNF667-AS1-206	ZNF667-AS1	ENSG00000166770.13	ENST00000591797.1	535	512	11	10	10	0.533203	0.925604	0.998047
15	ZNF667-AS1-207	ZNF667-AS1	ENSG00000166770.13	ENST00000592146.5	742	728	11	10	11	0.811813	0.96978	0.998626
18	ZNF667-AS1-207	ZNF667-AS1	ENSG00000166770.13	ENST00000592146.5	742	725	11	10	10	0.635862	0.945956	0.998621
20	ZNF667-AS1-207	ZNF667-AS1	ENSG00000166770.13	ENST00000592146.5	742	723	11	10	10	0.627939	0.943669	0.998617
22	ZNF667-AS1-207	ZNF667-AS1	ENSG00000166770.13	ENST00000592146.5	742	721	11	10	10	0.644938	0.941243	0.995839
24	ZNF667-AS1-207	ZNF667-AS1	ENSG00000166770.13	ENST00000592146.5	742	719	11	10	10	0.570236	0.937034	0.994437
15	ZNF667-AS1-208	ZNF667-AS1	ENSG00000166770.13	ENST00000594783.6	1602	1588	11	11	11	0.872796	0.980078	1.0
18	ZNF667-AS1-208	ZNF667-AS1	ENSG00000166770.13	ENST00000594783.6	1602	1585	11	10	10	0.671293	0.947347	0.999369
20	ZNF667-AS1-208	ZNF667-AS1	ENSG00000166770.13	ENST00000594783.6	1602	1583	11	10	10	0.643714	0.942055	0.998737
22	ZNF667-AS1-208	ZNF667-AS1	ENSG00000166770.13	ENST00000594783.6	1602	1581	11	10	10	0.611638	0.936806	0.998102
24	ZNF667-AS1-208	ZNF667-AS1	ENSG00000166770.13	ENST00000594783.6	1602	1579	11	10	10	0.586447	0.937935	0.999367
15	ZNF667-AS1-209	ZNF667-AS1	ENSG00000166770.13	ENST00000601875.3	1443	1429	11	11	11	0.855843	0.977479	1.0
18	ZNF667-AS1-209	ZNF667-AS1	ENSG00000166770.13	ENST00000601875.3	1443	1426	11	10	10	0.664797	0.946704	0.997896
20	ZNF667-AS1-209	ZNF667-AS1	ENSG00000166770.13	ENST00000601875.3	1443	1424	11	10	10	0.646067	0.943884	0.997893
22	ZNF667-AS1-209	ZNF667-AS1	ENSG00000166770.13	ENST00000601875.3	1443	1422	11	10	10	0.62166	0.939458	0.99789
24	ZNF667-AS1-209	ZNF667-AS1	ENSG00000166770.13	ENST00000601875.3	1443	1420	11	10	10	0.592254	0.940077	0.997887
15	ZNF667-AS1-210	ZNF667-AS1	ENSG00000166770.13	ENST00000654200.2	1081	1067	11	10	10	0.727273	0.955781	0.998126
18	ZNF667-AS1-210	ZNF667-AS1	ENSG00000166770.13	ENST00000654200.2	1081	1064	11	10	10	0.609023	0.937885	0.996241
20	ZNF667-AS1-210	ZNF667-AS1	ENSG00000166770.13	ENST00000654200.2	1081	1062	11	10	10	0.591337	0.932289	0.996234
22	ZNF667-AS1-210	ZNF667-AS1	ENSG00000166770.13	ENST00000654200.2	1081	1060	11	10	10	0.60566	0.93422	0.996226
24	ZNF667-AS1-210	ZNF667-AS1	ENSG00000166770.13	ENST00000654200.2	1081	1058	11	10	10	0.58034	0.936329	0.99811
15	ZNF667-AS1-211	ZNF667-AS1	ENSG00000166770.13	ENST00000654382.1	1503	1489	11	10	11	0.847549	0.975701	0.999328
18	ZNF667-AS1-211	ZNF667-AS1	ENSG00000166770.13	ENST00000654382.1	1503	1486	11	10	10	0.659489	0.94751	1.0
20	ZNF667-AS1-211	ZNF667-AS1	ENSG00000166770.13	ENST00000654382.1	1503	1484	11	10	10	0.641509	0.943764	0.997305
22	ZNF667-AS1-211	ZNF667-AS1	ENSG00000166770.13	ENST00000654382.1	1503	1482	11	10	10	0.612686	0.939149	0.997976
24	ZNF667-AS1-211	ZNF667-AS1	ENSG00000166770.13	ENST00000654382.1	1503	1480	11	10	10	0.591216	0.940356	0.997973
15	ZNF667-AS1-212	ZNF667-AS1	ENSG00000166770.13	ENST00000661902.2	917	903	11	10	11	0.839424	0.973623	0.998893
18	ZNF667-AS1-212	ZNF667-AS1	ENSG00000166770.13	ENST00000661902.2	917	900	11	10	10	0.644444	0.943939	0.998889
20	ZNF667-AS1-212	ZNF667-AS1	ENSG00000166770.13	ENST00000661902.2	917	898	11	10	10	0.620267	0.936728	0.996659
22	ZNF667-AS1-212	ZNF667-AS1	ENSG00000166770.13	ENST00000661902.2	917	896	11	10	10	0.620536	0.93608	0.99442
24	ZNF667-AS1-212	ZNF667-AS1	ENSG00000166770.13	ENST00000661902.2	917	894	11	10	10	0.553691	0.931971	0.996644
15	ZNF667-AS1-213	ZNF667-AS1	ENSG00000166770.13	ENST00000664785.1	1516	1502	11	11	11	0.888149	0.981479	0.999334
18	ZNF667-AS1-213	ZNF667-AS1	ENSG00000166770.13	ENST00000664785.1	1516	1499	11	10	10	0.681121	0.947177	0.998666
20	ZNF667-AS1-213	ZNF667-AS1	ENSG00000166770.13	ENST00000664785.1	1516	1497	11	10	10	0.654643	0.94322	0.997996
22	ZNF667-AS1-213	ZNF667-AS1	ENSG00000166770.13	ENST00000664785.1	1516	1495	11	10	10	0.608696	0.936759	0.997324
24	ZNF667-AS1-213	ZNF667-AS1	ENSG00000166770.13	ENST00000664785.1	1516	1493	11	10	10	0.588747	0.937709	0.99866
15	ZNF667-AS1-214	ZNF667-AS1	ENSG00000166770.13	ENST00000665045.1	3285	3271	11	11	11	0.862427	0.979183	0.999694
18	ZNF667-AS1-214	ZNF667-AS1	ENSG00000166770.13	ENST00000665045.1	3285	3268	11	10	10	0.650245	0.942612	0.99847
20	ZNF667-AS1-214	ZNF667-AS1	ENSG00000166770.13	ENST00000665045.1	3285	3266	11	10	10	0.618494	0.93829	0.998163
22	ZNF667-AS1-214	ZNF667-AS1	ENSG00000166770.13	ENST00000665045.1	3285	3264	11	10	10	0.627451	0.940202	0.999081
24	ZNF667-AS1-214	ZNF667-AS1	ENSG00000166770.13	ENST00000665045.1	3285	3262	11	10	10	0.61496	0.939635	0.99908
15	ZNF667-AS1-215	ZNF667-AS1	ENSG00000166770.13	ENST00000667367.1	5588	5574	11	11	11	0.883925	0.98524	0.999821
18	ZNF667-AS1-215	ZNF667-AS1	ENSG00000166770.13	ENST00000667367.1	5588	5571	11	10	10	0.63669	0.943392	0.99982
20	ZNF667-AS1-215	ZNF667-AS1	ENSG00000166770.13	ENST00000667367.1	5588	5569	11	10	10	0.624708	0.938458	0.999461
22	ZNF667-AS1-215	ZNF667-AS1	ENSG00000166770.13	ENST00000667367.1	5588	5567	11	10	10	0.618825	0.939171	0.999641
24	ZNF667-AS1-215	ZNF667-AS1	ENSG00000166770.13	ENST00000667367.1	5588	5565	11	10	10	0.608625	0.93892	0.999641
15	ZNF667-AS1-216	ZNF667-AS1	ENSG00000166770.13	ENST00000669162.3	1505	1491	11	10	11	0.847082	0.97555	0.998659
18	ZNF667-AS1-216	ZNF667-AS1	ENSG00000166770.13	ENST00000669162.3	1505	1488	11	10	10	0.659274	0.947275	0.999328
20	ZNF667-AS1-216	ZNF667-AS1	ENSG00000166770.13	ENST00000669162.3	1505	1486	11	10	10	0.645357	0.944818	1.0
22	ZNF667-AS1-216	ZNF667-AS1	ENSG00000166770.13	ENST00000669162.3	1505	1484	11	10	10	0.611186	0.939476	1.0
24	ZNF667-AS1-216	ZNF667-AS1	ENSG00000166770.13	ENST00000669162.3	1505	1482	11	10	10	0.590418	0.939946	0.999325
15	ZNF667-AS1-217	ZNF667-AS1	ENSG00000166770.13	ENST00000670294.2	2095	2081	11	10	11	0.785199	0.967017	0.999519
18	ZNF667-AS1-217	ZNF667-AS1	ENSG00000166770.13	ENST00000670294.2	2095	2078	11	10	10	0.628489	0.94164	1.0
20	ZNF667-AS1-217	ZNF667-AS1	ENSG00000166770.13	ENST00000670294.2	2095	2076	11	10	10	0.607418	0.937599	0.998073
22	ZNF667-AS1-217	ZNF667-AS1	ENSG00000166770.13	ENST00000670294.2	2095	2074	11	10	10	0.590646	0.935171	0.998071
24	ZNF667-AS1-217	ZNF667-AS1	ENSG00000166770.13	ENST00000670294.2	2095	2072	11	10	10	0.590734	0.938224	0.998552
15	ZNF667-AS1-218	ZNF667-AS1	ENSG00000166770.13	ENST00000685306.2	1130	1116	11	10	11	0.758065	0.961795	0.998208
18	ZNF667-AS1-218	ZNF667-AS1	ENSG00000166770.13	ENST00000685306.2	1130	1113	11	10	10	0.609164	0.939639	1.0
20	ZNF667-AS1-218	ZNF667-AS1	ENSG00000166770.13	ENST00000685306.2	1130	1111	11	10	10	0.59676	0.93593	0.9964
22	ZNF667-AS1-218	ZNF667-AS1	ENSG00000166770.13	ENST00000685306.2	1130	1109	11	10	10	0.600541	0.936142	0.997295
24	ZNF667-AS1-218	ZNF667-AS1	ENSG00000166770.13	ENST00000685306.2	1130	1107	11	10	10	0.570009	0.93422	0.995483
15	ZNF667-AS1-219	ZNF667-AS1	ENSG00000166770.13	ENST00000691191.1	1435	1421	11	11	11	0.859958	0.978632	1.0
18	ZNF667-AS1-219	ZNF667-AS1	ENSG00000166770.13	ENST00000691191.1	1435	1418	11	10	10	0.668547	0.948775	0.999295
20	ZNF667-AS1-219	ZNF667-AS1	ENSG00000166770.13	ENST00000691191.1	1435	1416	11	10	10	0.65113	0.946135	1.0
22	ZNF667-AS1-219	ZNF667-AS1	ENSG00000166770.13	ENST00000691191.1	1435	1414	11	10	10	0.62447	0.939823	0.999293
24	ZNF667-AS1-219	ZNF667-AS1	ENSG00000166770.13	ENST00000691191.1	1435	1412	11	10	10	0.595609	0.941347	0.998584
15	ZNF667-AS1-220	ZNF667-AS1	ENSG00000166770.13	ENST00000693493.3	771	757	11	10	11	0.805812	0.968056	0.998679
18	ZNF667-AS1-220	ZNF667-AS1	ENSG00000166770.13	ENST00000693493.3	771	754	11	10	10	0.635279	0.94273	0.996021
20	ZNF667-AS1-220	ZNF667-AS1	ENSG00000166770.13	ENST00000693493.3	771	752	11	10	10	0.621011	0.939434	0.994681
22	ZNF667-AS1-220	ZNF667-AS1	ENSG00000166770.13	ENST00000693493.3	771	750	11	10	10	0.638667	0.940727	0.996
24	ZNF667-AS1-220	ZNF667-AS1	ENSG00000166770.13	ENST00000693493.3	771	748	11	10	10	0.564171	0.934371	0.993316
15	ZNF667-AS1-221	ZNF667-AS1	ENSG00000166770.13	ENST00000809477.1	811	797	11	11	11	0.87202	0.976503	0.998745
18	ZNF667-AS1-221	ZNF667-AS1	ENSG00000166770.13	ENST00000809477.1	811	794	11	10	10	0.663728	0.943439	0.997481
20	ZNF667-AS1-221	ZNF667-AS1	ENSG00000166770.13	ENST00000809477.1	811	792	11	10	10	0.638889	0.938361	0.996212
22	ZNF667-AS1-221	ZNF667-AS1	ENSG00000166770.13	ENST00000809477.1	811	790	11	10	10	0.616456	0.935673	0.992405
24	ZNF667-AS1-221	ZNF667-AS1	ENSG00000166770.13	ENST00000809477.1	811	788	11	10	10	0.557107	0.93078	0.994924
15	ZNF667-AS1-222	ZNF667-AS1	ENSG00000166770.13	ENST00000809478.1	698	684	11	10	11	0.823099	0.969032	0.994152
18	ZNF667-AS1-222	ZNF667-AS1	ENSG00000166770.13	ENST00000809478.1	698	681	11	10	10	0.640235	0.945001	0.995595
20	ZNF667-AS1-222	ZNF667-AS1	ENSG00000166770.13	ENST00000809478.1	698	679	11	10	10	0.634757	0.943232	0.997054
22	ZNF667-AS1-222	ZNF667-AS1	ENSG00000166770.13	ENST00000809478.1	698	677	11	10	10	0.645495	0.940916	0.992614
24	ZNF667-AS1-222	ZNF667-AS1	ENSG00000166770.13	ENST00000809478.1	698	675	11	10	10	0.555556	0.935892	0.995556
15	ZNF667-AS1-223	ZNF667-AS1	ENSG00000166770.13	ENST00000809479.1	1398	1384	11	11	11	0.864884	0.978127	0.997832
18	ZNF667-AS1-223	ZNF667-AS1	ENSG00000166770.13	ENST00000809479.1	1398	1381	11	10	10	0.670529	0.948325	0.997828
20	ZNF667-AS1-223	ZNF667-AS1	ENSG00000166770.13	ENST00000809479.1	1398	1379	11	10	10	0.654822	0.946206	0.997099
22	ZNF667-AS1-223	ZNF667-AS1	ENSG00000166770.13	ENST00000809479.1	1398	1377	11	10	10	0.622367	0.93946	0.997095
24	ZNF667-AS1-223	ZNF667-AS1	ENSG00000166770.13	ENST00000809479.1	1398	1375	11	10	10	0.591273	0.940826	0.999273
15	ZNF667-AS1-224	ZNF667-AS1	ENSG00000166770.13	ENST00000809480.1	817	803	11	10	11	0.794521	0.966376	0.998755
18	ZNF667-AS1-224	ZNF667-AS1	ENSG00000166770.13	ENST00000809480.1	817	800	11	10	10	0.6175	0.940114	0.995
20	ZNF667-AS1-224	ZNF667-AS1	ENSG00000166770.13	ENST00000809480.1	817	798	11	10	10	0.609023	0.937799	0.994987
22	ZNF667-AS1-224	ZNF667-AS1	ENSG00000166770.13	ENST00000809480.1	817	796	11	10	10	0.623116	0.940155	0.998744
24	ZNF667-AS1-224	ZNF667-AS1	ENSG00000166770.13	ENST00000809480.1	817	794	11	10	10	0.562972	0.937028	0.997481
15	ZNF667-AS1-225	ZNF667-AS1	ENSG00000166770.13	ENST00000809481.1	766	752	11	10	11	0.793883	0.968206	0.99867
18	ZNF667-AS1-225	ZNF667-AS1	ENSG00000166770.13	ENST00000809481.1	766	749	11	10	10	0.634179	0.948295	0.998665
20	ZNF667-AS1-225	ZNF667-AS1	ENSG00000166770.13	ENST00000809481.1	766	747	11	10	10	0.615797	0.940611	0.997323
22	ZNF667-AS1-225	ZNF667-AS1	ENSG00000166770.13	ENST00000809481.1	766	745	11	10	10	0.621477	0.941794	0.995973
24	ZNF667-AS1-225	ZNF667-AS1	ENSG00000166770.13	ENST00000809481.1	766	743	11	10	10	0.557201	0.93662	0.995962
15	ZNF667-AS1-226	ZNF667-AS1	ENSG00000166770.13	ENST00000809482.1	695	681	11	10	11	0.832599	0.9725	1.0
18	ZNF667-AS1-226	ZNF667-AS1	ENSG00000166770.13	ENST00000809482.1	695	678	11	10	10	0.635693	0.942478	0.992625
20	ZNF667-AS1-226	ZNF667-AS1	ENSG00000166770.13	ENST00000809482.1	695	676	11	10	10	0.634615	0.942577	0.995562
22	ZNF667-AS1-226	ZNF667-AS1	ENSG00000166770.13	ENST00000809482.1	695	674	11	10	10	0.649852	0.941732	0.998516
24	ZNF667-AS1-226	ZNF667-AS1	ENSG00000166770.13	ENST00000809482.1	695	672	11	10	10	0.578869	0.939124	0.995536
15	ZNF667-AS1-227	ZNF667-AS1	ENSG00000166770.13	ENST00000809483.1	640	626	11	11	11	0.851438	0.974586	0.996805
18	ZNF667-AS1-227	ZNF667-AS1	ENSG00000166770.13	ENST00000809483.1	640	623	11	10	10	0.659711	0.943966	0.998395
20	ZNF667-AS1-227	ZNF667-AS1	ENSG00000166770.13	ENST00000809483.1	640	621	11	10	10	0.644122	0.942468	0.993559
22	ZNF667-AS1-227	ZNF667-AS1	ENSG00000166770.13	ENST00000809483.1	640	619	11	10	10	0.642973	0.939051	0.990307
24	ZNF667-AS1-227	ZNF667-AS1	ENSG00000166770.13	ENST00000809483.1	640	617	11	10	10	0.573744	0.933844	0.995138
